{
  "project_info": {
    "project_number": "367861857260",
    "project_id": "signaling-d023f",
    "storage_bucket": "signaling-d023f.appspot.com"
  },
  "client": [
    {
      "client_info": {
        "mobilesdk_app_id": "1:367861857260:android:299775e784365fb8b95ec9",
        "android_client_info": {
          "package_name": "com.example.signaling"
        }
      },
      "oauth_client": [],
      "api_key": [
        {
          "current_key": "AIzaSyCdEcYpkBgsI9lUdFa8pV7bIM5ofU8p60w"
        }
      ],
      "services": {
        "appinvite_service": {
          "other_platform_oauth_client": []
        }
      }
    }
  ],
  "configuration_version": "1"
}