{
  "project_info": {
    "project_number": "494951794892",
    "project_id": "netw704-de6e8",
    "storage_bucket": "netw704-de6e8.appspot.com"
  },
  "client": [
    {
      "client_info": {
        "mobilesdk_app_id": "1:494951794892:android:74936a5062e179b4305a69",
        "android_client_info": {
          "package_name": "com.example.netw704"
        }
      },
      "oauth_client": [],
      "api_key": [
        {
          "current_key": "AIzaSyCwI0buWtCxuIqGnC_Z3ivjqgDZqj-Sbbk"
        }
      ],
      "services": {
        "appinvite_service": {
          "other_platform_oauth_client": []
        }
      }
    }
  ],
  "configuration_version": "1"
}